Bière coeur de marché (4-5° alcool);32;5.01;Apero
Bière de spécialités ou d'abbaye, régionales ou d'une brasserie (degré d'alcool variable);99;3.79;Apero
Bière spéciale (5-6° alcool);58;5.11;Apero
Bière brune;61;9.95;Apero
Bière forte (>8° alcool);58;2.91;Apero
Bière sans alcool (<1,2° alcool);5;6.15;Apero
Biscotte classique;94;3.74;Apero
Biscotte complète ou riche en fibres;31;4.33;Apero
Biscotte multicéréale;76;4.82;Apero
Biscotte sans adjonction de sel;25;9.99;Apero
Blini;57;5.80;Apero
Chapelure;87;1.37;Apero
Croûtons;26;6.26;Apero
Gressins;92;2.26;Apero
Pain grillé suédois au blé complet;25;0.14;Apero
Pain grillé suédois au froment;6;1.84;Apero
Pain grillé, tranches, au froment;27;7.34;Apero
Pain grillé, tranches, multicéréale;86;0.24;Apero
Pain pita;85;8.44;Apero
Tartine craquante, extrudée et grillée;47;3.39;Apero
Biscuit apéritif à base de pomme de terre, type tuile salée;18;3.76;Apero
Biscuit apéritif soufflé, à base de maïs, sans cacahuète;25;3.93;Apero
Biscuit apéritif soufflé, à base de pomme de terre;34;6.91;Apero
Biscuit apéritif, crackers, allégé en matière grasse;38;7.14;Apero
Biscuit apéritif, crackers, garni ou fourré, au fromage;9;1.92;Apero
Biscuit apéritif, crackers, nature;39;1.01;Apero
Chips de crevette;39;1.87;Apero
Chips de maïs ou tortilla chips;56;5.74;Apero
Pop-corn ou Maïs éclaté, à l'air, non salé;88;3.73;Apero
Pop-corn ou Maïs éclaté, à l'huile, salé;88;9.04;Apero
Cidre brut;25;8.65;Apero
Cidre doux;10;8.77;Apero
Cidre traditionnel;69;0.32;Apero
Apéritif à base de vin ou vermouth;72;6.99;Apero
Apéritif anisé sans alcool;43;6.56;Apero
Cocktail sans alcool (à base de jus de fruits et de sirop);63;7.55;Apero
Kir (au vin blanc);51;1.98;Apero
Kir royal (au champagne);86;5.14;Apero
Panaché (bière + limonade);27;3.46;Apero
Pastis, prêt à boire (1+ 5);93;9.18;Apero
Sangria;44;1.87;Apero
Apéritif à la gentiane;41;4.30;Apero
Eau de vie;78;4.77;Apero
Gin;86;8.48;Apero
Liqueur;16;9.53;Apero
Pastis;21;4.20;Apero
Rhum;31;1.00;Apero
Vodka;67;8.34;Apero
Whisky;24;7.54;Apero
Cheeseburger;56;7.11;Apero
Croissant au jambon;89;9.54;Apero
Croque-madame;43;6.83;Apero
Croque-monsieur;41;5.92;Apero
Double cheeseburger;5;0.34;Apero
Hamburger;9;0.31;Apero
Hot-dog;32;0.17;Apero
Pan bagna;55;4.30;Apero
Sandwich baguette, camembert, beurre;64;1.33;Apero
Sandwich baguette, crudités diverses, mayonnaise;13;5.58;Apero
Sandwich baguette, dinde, crudités (tomate, salade), mayonnaise;10;0.79;Apero
Sandwich baguette, jambon, beurre;57;2.96;Apero
Sandwich baguette, jambon, emmental, beurre;39;0.67;Apero
Sandwich baguette, jambon, oeuf dur, crudités (tomate, salade), beurre;95;1.00;Apero
Sandwich baguette, merguez frites;21;9.95;Apero
Sandwich baguette, merguez, ketchup moutarde;90;0.34;Apero
Sandwich baguette, oeuf, crudités (tomate, salade), mayonnaise;91;5.21;Apero
Sandwich baguette, pâté, cornichons;97;9.26;Apero
Sandwich baguette, porc, crudités (tomate, salade), mayonnaise;61;4.46;Apero
Sandwich baguette, poulet, crudités (tomate, salade), mayonnaise;3;4.02;Apero
Sandwich baguette, salami, beurre;15;3.90;Apero
Sandwich baguette, saucisson sec, beurre;29;1.72;Apero
Sandwich baguette, saumon fumé, beurre;7;9.03;Apero
Sandwich baguette, thon, crudités (tomate, salade), mayonnaise;88;3.24;Apero
Sandwich grec ou Kebab, baguette, avec crudités;47;8.08;Apero
Sandwich grec ou Kebab, pita, avec crudités;20;8.67;Apero
Sandwich pain de mie, garnitures diverses;96;6.36;Apero
Sandwich panini, jambon cru, mozzarella, tomates;93;9.84;Apero
Champagne;62;7.17;Apero
Pétillant de fruits;19;9.76;Apero
Vin blanc 11°;95;2.30;Apero
Vin blanc mousseux;63;3.03;Apero
Vin doux;90;9.50;Apero
Vin rosé 11°;59;7.64;Apero
Vin rouge 10°;60;4.05;Apero
Vin rouge 11°;54;1.43;Apero
Vin rouge 12°;0;4.13;Apero
Vin rouge 13°;27;9.30;Apero
Vin rouge 9°;86;1.59;Apero
Biscuit moelleux fourré à l'orange et enrobé de sucre glace;76;5.69;Biscuits
Biscuit sec (génoise) nappage aux fruits, type barquette;98;1.52;Biscuits
Biscuit sec à teneur garantie en vitamines;5;4.55;Biscuits
Biscuit sec à teneur garantie en vitamines et minéraux;72;2.59;Biscuits
Biscuit sec au beurre, sablé, galette ou palet;50;8.18;Biscuits
Biscuit sec aux fruits, hyposodé;56;3.34;Biscuits
Biscuit sec aux oeufs à la cuillère (cuiller) ou Boudoir;23;5.02;Biscuits
Biscuit sec avec nappage chocolat;91;3.84;Biscuits
Biscuit sec avec tablette de chocolat;64;2.10;Biscuits
Biscuit sec chocolaté, préemballé;9;5.56;Biscuits
Biscuit sec croquant (ex : tuile) sans chocolat, allégé en matière grasse;24;7.40;Biscuits
Biscuit sec croquant au chocolat, allégé en matière grasse;68;6.16;Biscuits
Biscuit sec feuilleté, type palmier ou autres;55;3.83;Biscuits
Biscuit sec fourré à la pâte ou purée de fruits;48;8.99;Biscuits
Biscuit sec fourré aux fruits, allégé en matière grasse;75;2.13;Biscuits
Biscuit sec ou tuile, aux amandes;68;9.98;Biscuits
Biscuit sec petit beurre;2;2.49;Biscuits
Biscuit sec pour petit déjeuner;65;0.03;Biscuits
Biscuit sec, avec matière grasse végétale;74;5.14;Biscuits
Biscuit sec, tout type;3;6.69;Biscuits
Cookie aux pépites de chocolat;42;6.09;Biscuits
Gaufrette fourrée, autre fourrage qu'aux fruits (chocolat, vanille, noisette, etc.);63;9.23;Biscuits
Gaufrette fourrée, aux fruits;67;8.02;Biscuits
Génoise sèche fourrée aux fruits et nappée de chocolat;26;7.47;Biscuits
Goûter sec fourré (sandwiché) parfum chocolat;62;3.14;Biscuits
Goûter sec fourré (sandwiché) parfum fruits;4;5.04;Biscuits
Goûter sec fourré (sandwiché) parfum lait ou vanille;76;7.57;Biscuits
Langue de chat;66;8.18;Biscuits
Meringue;30;9.56;Biscuits
Palmier, artisanal;82;3.14;Biscuits
Sablé pâtissier;62;6.56;Biscuits
Tartine craquante, extrudée et grillée, fourrée au chocolat;3;1.16;Biscuits
Tartine craquante, extrudée et grillée, fourrée au chocolat ou aux fruits;82;0.69;Biscuits
Tartine craquante, extrudée et grillée, fourrée aux fruits;55;2.52;Biscuits
Bonbon au caramel, mou;12;7.50;Biscuits
Bonbon gélifié;68;7.35;Biscuits
Bonbons, tout type;96;2.62;Biscuits
Chewing-gum, sans sucre;90;3.11;Biscuits
Chewing-gum, sucré;80;9.04;Biscuits
Nougat ou touron;73;2.16;Biscuits
Pâte de fruits;97;1.67;Biscuits
Boisson à l'eau minérale (ou de source) sucrée et aromatisée, arôme agrumes;39;3.41;Boissons
Boisson à l'eau minérale (ou de source) sucrée et aromatisée, arôme autre qu'agrumes;91;6.24;Boissons
Boisson au jus de fruit et au lait;40;1.60;Boissons
Boisson au soja ou Tonyu, nature;61;0.76;Boissons
Boisson au thé, aromatisée, light;89;4.75;Boissons
Boisson au thé, aromatisée, sucrée;46;6.09;Boissons
Boisson cacaotée sucrée, au lait;30;8.15;Boissons
Boisson énergisante;86;1.75;Boissons
Boisson gazeuse à la pomme (de 50 à 99% de fruits), sans sucre ajouté;81;8.93;Boissons
Boisson gazeuse à l'orange avec pulpe (environ 14% de fruits), sucrée;30;5.40;Boissons
Boisson gazeuse aux fruits (à moins de 10% de jus), light;56;4.28;Boissons
Boisson gazeuse aux fruits (à moins de 10% de jus), sucrée;24;6.24;Boissons
Boisson gazeuse aux fruits (de 10 à 50% de jus), sucrée;58;0.38;Boissons
Boisson plate à l'orange (10 à 50% de jus), sucrée;7;2.87;Boissons
Boisson plate à l'orange (teneur en jus non spécifiée);4;3.10;Boissons
Boisson plate aux fruits (10 à 50% de jus), à teneur réduite en sucre;86;4.93;Boissons
Boisson plate aux fruits exotiques (10 à 50% de jus), sucrée;47;5.63;Boissons
Limonade ou clear lime, sucrée;95;0.64;Boissons
Sirop, dilué;60;2.65;Boissons
Soda au cola, light;59;4.78;Boissons
Soda au cola, à teneur réduite en sucre;22;2.37;Boissons
Soda au cola, sucré;11;5.05;Boissons
Soda sans jus de fruit, light;95;3.14;Boissons
Tonic;58;1.15;Boissons
Boisson cacaotée sucrée, soluble reconstituée;62;2.91;Boissons
Boisson cacaotée sucrée, soluble reconstituée, enrichie en vitamines;64;0.82;Boissons
Cacao, non sucré, poudre soluble;82;5.08;Boissons
Café au lait, café crème ou cappuccino, non sucré;77;8.00;Boissons
Café décaféiné, non sucré;48;8.63;Boissons
Café décaféiné, soluble reconstitué, non sucré;98;0.49;Boissons
Café expresso, non sucré;58;2.95;Boissons
Café noir, non sucré;6;2.95;Boissons
Café soluble reconstitué, non sucré;68;5.23;Boissons
Café, poudre soluble;62;9.54;Boissons
Chicorée et café, poudre soluble;53;3.50;Boissons
Chicorée, poudre soluble;24;4.50;Boissons
Poudre cacaotée sucrée pour boisson (poudre ou granulés);78;0.03;Boissons
Poudre cacaotée sucrée pour boisson, enrichie;6;4.59;Boissons
Poudre maltée, cacaotée et sucrée pour boisson;14;6.76;Boissons
Thé infusé, non sucré;70;4.29;Boissons
Tisane infusée, non sucrée;4;6.22;Boissons
Eau de source Ogeu, embouteillée, faiblement minéralisée (Ogeu, 64);97;1.15;Boissons
Eau du robinet;13;4.58;Boissons
Eau minérale Abatilles, embouteillée, non gazeuse, faiblement minéralisée (Arcachon, 33);24;9.31;Boissons
Eau minérale Aix-les-Bains, embouteillée, non gazeuse, faiblement minéralisée  (Aix-les-Bains, 73);75;5.68;Boissons
Eau minérale Aizac, embouteillée, gazeuse, faiblement minéralisée (Aizac, 07);88;5.74;Boissons
Eau minérale Alet, embouteillée, non gazeuse, faiblement minéralisée (Alet, 11);24;9.74;Boissons
Eau minérale Amanda,  embouteillée, non gazeuse, fortement minéralisée (St-Amand, 59);71;0.75;Boissons
Eau minérale Amélie-la-Reine, embouteillée, gazeuse, moyennement minéralisée (Cornillon, 38);84;6.21;Boissons
Eau minérale Appollinaris, embouteillée, non gazeuse, fortement minéralisée (Allemagne);50;3.08;Boissons
Eau minérale Arcens, embouteillée, gazeuse, fortement minéralisée (Arcens, 07);6;0.25;Boissons
Eau minérale Arvie, embouteillée, gazeuse, fortement minéralisée (Ardes, 63);87;4.82;Boissons
Eau minérale Auvergne, embouteillée, gazeuse, fortement minéralisée (Cornillon, 38);40;9.97;Boissons
Eau minérale Avène, embouteillée, non gazeuse, faiblement minéralisée (Avène, 34);56;0.09;Boissons
Eau minérale Avra, embouteillée, non gazeuse, faiblement minéralisée (Grèce);98;2.92;Boissons
Eau minérale Badoit, embouteillée, gazeuse, moyennement minéralisée (St-Galmier, 42);98;9.94;Boissons
Eau minérale Beckerich, embouteillée, non gazeuse, faiblement minéralisée (Luxembourg);41;5.28;Boissons
Eau minérale Caramulo, embouteillée, non gazeuse, très faiblement minéralisée (Portugal);21;7.90;Boissons
Eau minérale Celtic, embouteillée, non gazeuse, très faiblement minéralisée (Niederbronn, 67);37;2.35;Boissons
Eau minérale Chambon, embouteillée, non gazeuse, faiblement minéralisée (Chambon, 45);43;2.26;Boissons
Eau minérale Chantemerle, embouteillée, non gazeuse, faiblement minéralisée (Le Pestrin, 07);73;1.11;Boissons
Eau minérale Chateauneuf, embouteillée, gazeuse, fortement minéralisée (Chateauneuf, 63);24;1.11;Boissons
Eau minérale Chateldon, embouteillée, gazeuse, fortement minéralisée (Chateldon, 63);18;9.84;Boissons
Eau minérale Chaudfontaine, embouteillée, non gazeuse, faiblement minéralisée (Belgique);47;3.88;Boissons
Eau minérale Christinen Brunnen, embouteillée, non gazeuse, moyennement minéralisée (Allemagne);61;0.53;Boissons
Eau minérale Clos de l'Abbaye, embouteillée, non gazeuse, moyennement minéralisée (St-Amand, 59);16;0.36;Boissons
Eau minérale Contrex, embouteillée, non gazeuse, fortement minéralisée (Contrexéville, 88);93;4.66;Boissons
Eau minérale Courmayeur, embouteillée, non gazeuse, fortement minéralisée (Italie);4;7.29;Boissons
Eau minérale Dax, embouteillée, non gazeuse, moyennement minéralisée (Dax, 40);74;3.39;Boissons
Eau minérale Didier Plate, embouteillée non gazeuse, moyennement minéralisée (Martinique);2;1.50;Boissons
Eau minérale Didier, embouteillée, gazeuse, moyennement minéralisée (Martinique);33;0.04;Boissons
Eau minérale Evian, embouteillée, non gazeuse, faiblement minéralisée (Evian, 74);6;7.13;Boissons
Eau minérale Fonfort, embouteillée, gazeuse, fortement minéralisée (St-Romain-le-Puy, 42);41;3.74;Boissons
Eau minérale Hépar, embouteillée, non gazeuse, fortement minéralisée (Vittel, 88);27;1.63;Boissons
Eau minérale Highland spring, embouteillée, non gazeuse, faiblement minéralisée (Écosse);60;8.25;Boissons
Eau minérale Hydroxydase, embouteillée, gazeuse, fortement minéralisée (Le Breuil sur Couze, 63);50;3.67;Boissons
Eau minérale Levissima, embouteillée, non gazeuse, faiblement minéralisée (Italie);68;0.89;Boissons
Eau minérale Luchon (31), embouteillée, non gazeuse, faiblement minéralisée (Luchon, 31);67;1.16;Boissons
Eau minérale Luso, embouteillée, non gazeuse, très faiblement minéralisée (Portugal);26;5.36;Boissons
Eau minérale Miers-Alvignac, embouteillée, non gazeuse, fortement minéralisée (Alvignac, 46);66;7.05;Boissons
Eau minérale Mont-Roucous, embouteillée, très faiblement minéralisée (Lacaune, 81);36;2.89;Boissons
Eau minérale Néro, embouteillée, non gazeuse, faiblement minéralisée (Grèce);21;8.33;Boissons
Eau minérale Orée du bois, embouteillée, non gazeuse, moyennement minéralisée (St-Amand, 59);41;3.97;Boissons
Eau minérale Orezza, embouteillée, gazeuse, moyennement minéralisée (Rapaggio, 20B);0;6.82;Boissons
Eau minérale Parot, embouteillée, gazeuse, fortement minéralisée (St-Romain-le-Puy, 42);46;6.08;Boissons
Eau minérale Penacova, embouteillée, non gazeuse, très faiblement minéralisée (Portugal);60;9.44;Boissons
Eau minérale Perrier, embouteillée, gazeuse, faiblement minéralisée (Vergèse, 30);95;3.73;Boissons
Eau minérale Plancoet, embouteillée, non gazeuse, faiblement minéralisée (Plancoet, 22);82;8.64;Boissons
Eau minérale Propiac, embouteillée, non gazeuse, fortement minéralisée (Propiac, 26);58;7.89;Boissons
Eau minérale Puits St-Georges, embouteillée, gazeuse, moyennement minéralisée (St-Romain-le-Puy, 42);35;9.79;Boissons
Eau minérale Quézac, embouteillée, gazeuse, fortement minéralisée (Quézac, 48);23;8.79;Boissons
Eau minérale Reine des basaltes, embouteillée, gazeuse, moyennement minéralisée (Asperjoc, 07);73;1.66;Boissons
Eau minérale Rozana, embouteillée, gazeuse, fortement minéralisée (Beauregard, 63);18;3.14;Boissons
Eau minérale Sail-les-Bains, embouteillée, non gazeuse, faiblement minéralisée (Sail-les-Bains, 42);34;7.62;Boissons
Eau minérale Salvetat, embouteillée, gazeuse, moyennement minéralisée (La Salvetat, 34);46;0.94;Boissons
Eau minérale San Benedetto, embouteillée, faiblement minéralisée (Italie);61;8.19;Boissons
Eau minérale San Bernardo, embouteillée, très faiblement minéralisée (Italie);74;2.87;Boissons
Eau minérale San Pellegrino, embouteillée, gazeuse, moyennement minéralisée (Italie);22;9.64;Boissons
Eau minérale Soultzmatt , embouteillée, gazeuse, moyennement minéralisée ( Soultzmatt, 68);37;9.31;Boissons
Eau minérale Spa-Reine, embouteillée, non gazeuse, moyennement minéralisée (Belgique);42;0.84;Boissons
Eau minérale St-Alban Antonin, embouteillée, gazeuse, fortement minéralisée (St-Alban, 42);41;2.50;Boissons
Eau minérale St-Alban Cesar, embouteillée, gazeuse, fortement minéralisée (St-Alban, 42);29;3.68;Boissons
Eau minérale St-Amand Vauban, embouteillée, non gazeuse, moyennement minéralisée (St-Amand, 59);67;9.74;Boissons
Eau minérale St-Antonin-Noble-Val, embouteillée, non gazeuse, fortement minéralisée (St-Antonin-Noble-Val, 82);39;9.30;Boissons
Eau minérale St-Christophe, embouteillée, non gazeuse, moyennement minéralisée (Dax, 40);43;6.29;Boissons
Eau minérale St-Diéry, embouteillée, gazeuse, fortement minéralisée (St-Diéry, 63);37;0.78;Boissons
Eau minérale Ste-Marguerite, embouteillée, gazeuse, fortement minéralisée (St-Maurice, 63);65;6.72;Boissons
Eau minérale St-Martial, embouteillée, non gazeuse, faiblement minéralisée (St-Martin le Redon, 46);5;8.28;Boissons
Eau minérale St-Yorre, embouteillée, gazeuse, fortement minéralisée (Saint-Yorre, 03);70;7.30;Boissons
Eau minérale Talians, embouteillée,  non gazeuse, fortement minéralisée (Italie);21;8.80;Boissons
Eau minérale Thonon, embouteillée, non gazeuse, faiblement minéralisée (Thonon, 74);69;3.55;Boissons
Eau minérale Vals St-Jean, embouteillée, gazeuse, faiblement minéralisée (Vals, 07);35;1.16;Boissons
Eau minérale Vals-Vivaraise, embouteillée, gazeuse, moyennement minéralisée (Vals, 07);26;5.25;Boissons
Eau minérale Valvert, embouteillée, non gazeuse, faiblement minéralisée (Belgique);70;4.08;Boissons
Eau minérale Ventadour, embouteillée, gazeuse, faiblement minéralisée (Le Pestrin, 07);75;1.03;Boissons
Eau minérale Vernet, embouteillée, gazeuse, moyennement minéralisée (Prades, 07);2;1.96;Boissons
Eau minérale Vernière, embouteillée, gazeuse, moyennement minéralisée (Les Aires, 34);16;6.90;Boissons
Eau minérale Vichy Célestins, embouteillée, gazeuse, fortement minéralisée (Saint-Yorre, 03);41;6.53;Boissons
Eau minérale Vittel, embouteillée, non gazeuse, moyennement minéralisée (Vittel, 88);76;9.94;Boissons
Eau minérale Volvic active, embouteillée, gazeuse, faiblement minéralisée (Volvic, 63);77;3.55;Boissons
Eau minérale Volvic, embouteillée, non gazeuse, faiblement minéralisée (Volvic, 63);64;1.28;Boissons
Eau minérale Wattwiller, embouteillée, non gazeuse, moyennement minéralisée (Wattwiller , 68);42;0.94;Boissons
Abricot au sirop léger, appertisé;85;9.65;Boissons
Ananas au sirop, appertisé;42;5.19;Boissons
Cerise au sirop, appertisée;3;1.94;Boissons
Compote de fruits divers;21;0.95;Boissons
Compote de fruits divers, allégée;2;9.23;Boissons
Compote de pomme;24;7.84;Boissons
Goyave, appertisée;35;4.39;Boissons
Litchi, dénoyauté, appertisé;51;4.92;Boissons
Macédoine de fruits au sirop, appertisée;18;9.02;Boissons
Pêche, au sirop, appertisée;10;4.04;Boissons
Poire au sirop, appertisée;37;6.92;Boissons
Pomélo (dit Pamplemousse), au sirop;22;3.54;Boissons
Rhubarbe, cuite, sucrée;40;5.82;Boissons
Abricot, nectar;1;9.46;Boissons
Ananas, jus à base de concentré;49;5.64;Boissons
Ananas, pur jus;17;5.29;Boissons
Carotte, pur jus;93;2.31;Boissons
Citron vert, pur jus;30;0.70;Boissons
Citron, jus pressé maison;97;2.31;Boissons
Clémentine/mandarine, pur jus;74;1.18;Boissons
Fruit de la passion ou Maracuja, nectar;25;7.09;Boissons
Jus multifruit - base orange, multivitaminé;69;8.34;Boissons
Jus multifruit - base orange, standard;54;3.19;Boissons
Jus multifruit - base pomme, multivitaminé;90;4.15;Boissons
Jus multifruit - base pomme, standard;83;7.76;Boissons
Jus multifruit, à base de concentré;98;2.10;Boissons
Jus multifruit, pur jus, multivitaminé;22;3.59;Boissons
Jus multifruit, pur jus, standard;64;4.51;Boissons
Mangue, jus frais;96;6.49;Boissons
Mangue, nectar;56;3.89;Boissons
Nectar multifruit - base orange, multivitaminé;22;3.84;Boissons
Nectar multifruit - base orange, standard;39;8.33;Boissons
Nectar multifruit - base pomme, multivitaminé;81;6.62;Boissons
Nectar multifruit - base pomme, standard;2;8.11;Boissons
Nectar multifruit, multivitaminé;10;5.02;Boissons
Nectar multifruit, standard;41;7.95;Boissons
Noix de coco, lait;3;7.34;Boissons
Noix de coco, eau;26;0.99;Boissons
Orange, jus à base de concentré;18;1.05;Boissons
Orange, jus pressé maison;60;0.50;Boissons
Orange, nectar;33;8.14;Boissons
Orange, pur jus;44;8.49;Boissons
Pamplemousse (pomélo), jus à base de concentré;82;3.04;Boissons
Pamplemousse (pomélo), jus frais;79;5.23;Boissons
Pamplemousse (pomélo), pur jus;36;9.23;Boissons
Poire, nectar;73;7.92;Boissons
Pomme, jus à base de concentré;27;9.59;Boissons
Pomme, nectar;81;7.56;Boissons
Pomme, pur jus;65;7.18;Boissons
Raisin, pur jus;72;2.54;Boissons
Tomate, pur jus;79;1.37;Boissons
Boisson lactée aromatisée à la fraise, au lait partiellement écrémé;37;2.28;Boissons
Boisson lactée aromatisée au chocolat, au lait partiellement écrémé, enrichie et/ou restaurée en vitamines et/ou minéraux;53;8.49;Boissons
Lait concentré non sucré, entier;91;4.16;Boissons
Lait concentré sucré, entier;70;7.38;Boissons
Lait de brebis, entier;97;6.32;Boissons
Lait de chèvre, demi-écrémé, UHT;21;7.33;Boissons
Lait de chèvre, entier, cru;77;8.83;Boissons
Lait de chèvre, entier, UHT;70;6.26;Boissons
Lait demi-écrémé, pasteurisé;65;6.96;Boissons
Lait demi-écrémé, UHT;67;3.47;Boissons
Lait écrémé, pasteurisé;65;6.55;Boissons
Lait écrémé, UHT;60;9.99;Boissons
Lait en poudre, demi-écrémé;59;2.61;Boissons
Lait en poudre, écrémé;20;3.31;Boissons
Lait en poudre, entier;63;4.63;Boissons
Lait entier, pasteurisé;43;2.63;Boissons
Lait entier, UHT;45;7.46;Boissons
Lait partiellement écrémé, aromatisé, UHT;17;7.33;Boissons
Cervelle, agneau, cuite;91;8.47;Boucherie
Cervelle, porc, braisée;41;7.22;Boucherie
Cervelle, veau, cuite;33;8.89;Boucherie
Coeur, agneau, cru;28;4.63;Boucherie
Coeur, agneau, cuit;30;8.09;Boucherie
Coeur, boeuf, cru;98;9.36;Boucherie
Coeur, boeuf, cuit;29;8.58;Boucherie
Coeur, dinde, cru;97;8.41;Boucherie
Coeur, dinde, cuit;76;5.47;Boucherie
Coeur, poulet, cru;23;5.46;Boucherie
Coeur, poulet, cuit;60;3.93;Boucherie
Foie, agneau, cru;62;2.75;Boucherie
Foie, agneau, cuit;79;7.29;Boucherie
Foie, génisse, cru;2;0.96;Boucherie
Foie, génisse, cuit;42;3.96;Boucherie
Foie, poulet, cuit;25;7.34;Boucherie
Foie, veau, cru;29;9.97;Boucherie
Foie, veau, cuit;83;1.60;Boucherie
Foie, volaille, cuit;70;4.57;Boucherie
Gésier, canard, confit, appertisé;67;8.29;Boucherie
Langue, boeuf, crue;99;5.49;Boucherie
Langue, boeuf, cuite;68;4.74;Boucherie
Langue, veau, cuite;79;4.73;Boucherie
Ris, veau, braisé ou poêlé;80;9.23;Boucherie
Rognon d'agneau, braisé;39;2.74;Boucherie
Rognon de veau, braisé ou poêlé;76;7.25;Boucherie
Rognon, boeuf, cru;14;4.73;Boucherie
Rognon, boeuf, cuit;54;0.49;Boucherie
Rognon, porc, cuit;50;6.93;Boucherie
Graisse de canard;32;5.01;Boucherie
Graisse d'oie;85;9.56;Boucherie
Huile de foie de morue;93;3.69;Boucherie
Huile de poisson;64;9.49;Boucherie
Lard gras, cru;48;8.51;Boucherie
Saindoux;18;1.47;Boucherie
Andouille;89;2.27;Boucherie
Andouille, réchauffée à la poêle;60;3.34;Boucherie
Andouillette, poêlée;39;7.63;Boucherie
Bloc de foie gras de canard, appertisé;9;8.04;Boucherie
Boudin blanc, poêlé;84;5.73;Boucherie
Boudin noir, poêlé;65;0.84;Boucherie
Cervelas;26;6.29;Boucherie
Chipolata, cuite;26;5.13;Boucherie
Chorizo;67;1.02;Boucherie
Confit de canard;41;7.25;Boucherie
Coppa;9;8.65;Boucherie
Filet de bacon, cuit;11;7.51;Boucherie
Foie gras de canard, appertisé ou pasteurisé;94;0.45;Boucherie
Fromage de tête;20;6.59;Boucherie
Galantine;85;5.13;Boucherie
Jambon cru;56;5.13;Boucherie
Jambon cru, fumé;20;1.67;Boucherie
Jambon cuit;41;5.35;Boucherie
Jambon cuit supérieur;44;6.26;Boucherie
Jambon cuit supérieur, DD;13;2.42;Boucherie
Jambon cuit, de Paris, DD;99;7.65;Boucherie
Jambon cuit, fumé;92;2.02;Boucherie
Jambon de volaille;36;9.72;Boucherie
Jambon en croûte;63;8.63;Boucherie
Jambon sec, découenné, dégraissé;76;5.16;Boucherie
Jambonneau, cuit;4;6.26;Boucherie
Lardon fumé, cru;20;7.61;Boucherie
Lardon fumé, cuit;78;7.66;Boucherie
Lardon nature, cru;59;1.98;Boucherie
Lardon nature, cuit;79;3.04;Boucherie
Merguez, boeuf et mouton, cuite;90;5.77;Boucherie
Mortadelle;30;1.50;Boucherie
Mousse de foie;88;8.19;Boucherie
Museau de porc vinaigrette;0;7.15;Boucherie
Pancetta ou Poitrine roulée sèche;93;7.69;Boucherie
Pâté de campagne;13;7.75;Boucherie
Pâté de foie de porc;52;0.79;Boucherie
Pâté de foie de volaille;21;2.67;Boucherie
Pâté de lapin;12;5.68;Boucherie
Pâté en croûte;92;6.49;Boucherie
Poitrine de porc, fumée, crue;68;6.64;Boucherie
Quenelle au naturel, appertisée;6;1.87;Boucherie
Quenelle de volaille, appertisée;55;9.36;Boucherie
Quenelle en sauce, appertisée;60;9.70;Boucherie
Rillettes de viandes autres que pur porc (volaille...);72;2.45;Boucherie
Rillettes pur porc;22;3.30;Boucherie
Rillettes traditionnelles de porc;99;2.76;Boucherie
Rosette ou Fuseau;38;2.26;Boucherie
Salami;48;2.03;Boucherie
Saucisse alsacienne fumée ou Gendarme;9;1.58;Boucherie
Saucisse cocktail;38;7.20;Boucherie
Saucisse de Francfort;88;5.51;Boucherie
Saucisse de Montbéliard;72;6.29;Boucherie
Saucisse de Morteau, cuite à l'eau;13;4.70;Boucherie
Saucisse de Strasbourg;50;2.09;Boucherie
Saucisse de Toulouse, cuite;67;7.06;Boucherie
Saucisson à l'ail;66;8.98;Boucherie
Saucisson sec;30;0.43;Boucherie
Saucisson sec pur porc;37;4.13;Boucherie
Terrine de canard;12;1.38;Boucherie
Viande des Grisons;43;7.99;Boucherie
Blanquette de veau;70;0.80;Boucherie
Blanquette de veau et riz;51;2.78;Boucherie
Boeuf aux carottes;66;5.82;Boucherie
Boeuf bourguignon;85;2.60;Boucherie
Boeuf, boulettes cuites;70;3.61;Boucherie
Bouchée à la reine, au poulet;22;1.29;Boucherie
Brochette d'agneau;94;4.46;Boucherie
Brochette de boeuf;10;6.85;Boucherie
Brochette de volaille;7;1.42;Boucherie
Brochette mixte de viande;60;6.88;Boucherie
Burritos ou Fajitas;12;5.32;Boucherie
Carpaccio de boeuf;24;3.68;Boucherie
Cassoulet, appertisé;43;5.58;Boucherie
Chili con carne;84;5.52;Boucherie
Coq au vin;96;6.57;Boucherie
Cordon bleu de volaille;56;2.77;Boucherie
Feuilleté ou Friand à la viande;47;2.05;Boucherie
Gratin d'endives et jambon;56;5.53;Boucherie
Hachis Parmentier;19;2.40;Boucherie
Légumes farcis (sauf tomate);14;8.93;Boucherie
Moussaka;14;0.87;Boucherie
Navarin d'agneau;47;1.32;Boucherie
Nuggets de volaille;26;2.51;Boucherie
Osso buco à la milanaise;56;1.80;Boucherie
Paupiette de veau;28;7.23;Boucherie
Paupiette de volaille;28;6.58;Boucherie
Petit salé ou saucisse aux lentilles;54;7.07;Boucherie
Pot-au-feu;17;2.98;Boucherie
Potée auvergnate;11;5.39;Boucherie
Poulet au curry;20;2.93;Boucherie
Poulet au curry, avec riz ou semoule, préemballé;51;8.12;Boucherie
Poulet basquaise au riz;97;2.16;Boucherie
Poulet basquaise aux pâtes;41;5.15;Boucherie
Tajine de mouton;74;4.24;Boucherie
Tajine poulet et semoule;50;0.21;Boucherie
Tomate farcie;30;2.03;Boucherie
Tripes à la mode de Caen;84;0.43;Boucherie
Veau, escalope panée, cuite;61;2.17;Boucherie
Agneau, collier, cru;73;1.15;Boucherie
Agneau, côte filet, crue;4;9.01;Boucherie
Agneau, côte première, crue;58;6.13;Boucherie
Agneau, côtelette, grillée;27;8.77;Boucherie
Agneau, épaule, maigre, rôtie;64;9.09;Boucherie
Agneau, épaule, rôtie;55;5.71;Boucherie
Agneau, gigot, cru;1;2.76;Boucherie
Agneau, gigot, rôti;85;2.42;Boucherie
Agneau, selle, crue;95;1.31;Boucherie
Boeuf, à bourguignon, cuit;39;8.30;Boucherie
Boeuf, à pot-au-feu, cuit;58;4.28;Boucherie
Boeuf, bavette, crue;58;3.36;Boucherie
Boeuf, bifteck, grillé;67;7.41;Boucherie
Boeuf, braisé;63;2.40;Boucherie
Boeuf, entrecôte, crue;3;7.39;Boucherie
Boeuf, entrecôte, grillée;8;3.58;Boucherie
Boeuf, faux-filet, cru;65;4.59;Boucherie
Boeuf, faux-filet, grillé;68;2.61;Boucherie
Boeuf, flanchet, cuit;28;9.89;Boucherie
Boeuf, hampe, crue;18;1.60;Boucherie
Boeuf, joue, crue;11;9.34;Boucherie
Boeuf, macreuse, crue;84;7.10;Boucherie
Boeuf, paleron, cru;35;0.50;Boucherie
Boeuf, plat de côtes, cru;92;2.29;Boucherie
Boeuf, rosbif, rôti;96;5.21;Boucherie
Boeuf, tende de tranche, crue;44;7.64;Boucherie
Cheval, entrecôte muscle, cru;96;7.84;Boucherie
Cheval, faux-filet, cru;65;8.53;Boucherie
Cheval, tende de tranche, crue;45;6.55;Boucherie
Cheval, viande, rôtie;13;6.22;Boucherie
Chevreuil, rôti;60;2.95;Boucherie
Lapin braisé;57;2.88;Boucherie
Lapin, viande cuite;59;2.51;Boucherie
Lièvre, en ragoût;6;6.82;Boucherie
Porc, côte, crue;42;5.08;Boucherie
Porc, côte, grillée;12;7.88;Boucherie
Porc, échine, rôtie;0;5.82;Boucherie
Porc, épaule, crue;44;0.11;Boucherie
Porc, épaule, cuite;31;6.26;Boucherie
Porc, escalope de jambon, crue;15;4.36;Boucherie
Porc, escalope de jambon, cuite;25;7.96;Boucherie
Porc, filet mignon, cru;30;5.78;Boucherie
Porc, filet mignon, cuit;64;4.25;Boucherie
Porc, filet, maigre, cru;21;8.84;Boucherie
Porc, filet, maigre, en rôti, cuit;59;1.37;Boucherie
Porc, poitrine, crue;96;3.89;Boucherie
Porc, rôti carré, cru;49;3.87;Boucherie
Porc, rôti, cru;0;6.89;Boucherie
Porc, rôti, cuit;54;2.77;Boucherie
Porc, rouelle de jambon, crue;80;5.87;Boucherie
Porc, rouelle de jambon, cuite;75;4.52;Boucherie
Porc, travers, braisé;17;7.00;Boucherie
Porc, travers, cru;96;2.68;Boucherie
Sanglier, rôti;58;0.60;Boucherie
Steak haché  5% MG, cru;44;7.24;Boucherie
Steak haché  5% MG, cuit;24;3.50;Boucherie
Steak haché 10% MG, cru;66;0.71;Boucherie
Steak haché 10% MG, cuit;31;8.78;Boucherie
Steak haché 15% MG, cru;80;7.94;Boucherie
Steak haché 15% MG, cuit;6;7.53;Boucherie
Steak haché 20% MG, cru;3;1.86;Boucherie
Steak haché 20% MG, cuit;65;2.56;Boucherie
Veau, collier, cru;28;1.34;Boucherie
Veau, côte, crue;39;2.50;Boucherie
Veau, côte, cuite;61;0.86;Boucherie
Veau, épaule, crue;2;4.58;Boucherie
Veau, escalope, cuite;33;0.56;Boucherie
Veau, filet, rôti;90;2.00;Boucherie
Veau, jarret, cru;81;1.09;Boucherie
Veau, mijoté;3;0.97;Boucherie
Veau, noix, crue;0;4.87;Boucherie
Veau, poitrine, crue;51;4.05;Boucherie
Veau, rôti;81;2.22;Boucherie
Caille, viande et peau, cuite;9;6.32;Boucherie
Canard, magret, cuit à la poêle;38;8.38;Boucherie
Canard, viande rôtie;45;8.66;Boucherie
Dinde, escalope, crue;96;0.12;Boucherie
Dinde, escalope, sautée;8;1.20;Boucherie
Dinde, viande, rôtie;96;8.72;Boucherie
Faisan, viande, rôtie;26;1.10;Boucherie
Oie, viande, rôtie;21;4.45;Boucherie
Pigeon, viande, rôtie;4;9.42;Boucherie
Poule, viande et peau, bouillie;65;2.23;Boucherie
Poule, viande, bouillie;12;7.70;Boucherie
Poulet, blanc, sans peau, cuit;64;6.12;Boucherie
Poulet, cuisse, viande et peau, rôti;99;4.92;Boucherie
Poulet, cuisse, viande, bouilli;93;7.43;Boucherie
Poulet, manchons marinés et rôtis;85;8.71;Boucherie
Poulet, viande et peau, rôti;68;5.74;Boucherie
Pain au lait, préemballé;44;7.07;Boulangerie
Pain complet ou intégral (à la farine T150);24;5.21;Boulangerie
Pain courant français, 400g ou boule;94;1.58;Boulangerie
Pain de mie, complet;7;5.59;Boulangerie
Pain de mie, courant;44;2.12;Boulangerie
Pain de mie, multicéréale;43;9.60;Boulangerie
Pain de seigle, aux raisins;78;0.03;Boulangerie
Pain de seigle, et froment;53;6.54;Boulangerie
Pain grillé, domestique;65;1.17;Boulangerie
Pain, baguette ou boule, aux céréales et graines, artisanal;81;1.70;Boulangerie
Pain, baguette ou boule, de campagne;46;8.20;Boulangerie
Pain, baguette, courante;78;9.09;Boulangerie
Pain, baguette, sans sel;95;9.64;Boulangerie
Beignet à la confiture;83;3.01;Boulangerie
Beignet aux fruits;53;8.36;Boulangerie
Beignet nature;36;7.30;Boulangerie
Brioche, de boulangerie traditionnelle;86;5.87;Boulangerie
Brioche, préemballée;35;3.70;Boulangerie
Brioche, sans précision;51;5.14;Boulangerie
Cake salé (garniture : fromage, légumes, viande, poisson, volaille, etc.);43;4.47;Boulangerie
Chausson aux pommes;66;3.24;Boulangerie
Chouquette;99;3.77;Boulangerie
Croissant au beurre, artisanal;6;5.94;Boulangerie
Croissant aux amandes, artisanal;13;6.34;Boulangerie
Croissant ordinaire ou au beurre;36;4.39;Boulangerie
Croissant ordinaire, artisanal;67;6.47;Boulangerie
Fougasse, garnie;10;1.98;Boulangerie
Muffin, aux myrtilles ou au chocolat;16;0.77;Boulangerie
Pain au chocolat feuilleté, artisanal;76;4.17;Boulangerie
Pain au lait, artisanal;21;3.31;Boulangerie
Pain aux raisins (viennoiserie);2;9.55;Boulangerie
Pain brioché ou viennois;58;5.75;Boulangerie
Beaufort;84;3.85;Fromagerie
Comté;58;8.30;Fromagerie
Emmental;25;6.96;Fromagerie
Emmental râpé;54;7.38;Fromagerie
Fromâge à pate pressée cuite type Emmental, allégé;5;4.64;Fromagerie
Gruyère;34;6.48;Fromagerie
Parmesan;34;3.84;Fromagerie
Cantal, Salers ou Laguiole;24;8.77;Fromagerie
Cheddar;98;4.84;Fromagerie
Edam;12;6.88;Fromagerie
Fromage à pâte ferme environ 28% MG;10;6.17;Fromagerie
Fromage à pâte ferme environ environ 14% MG;59;5.33;Fromagerie
Fromage à pâte ferme type Maasdam;31;7.65;Fromagerie
Fromage à pâte ferme, enrobé de cire;17;9.33;Fromagerie
Fromage des Pyrénées au lait de brebis;85;0.64;Fromagerie
Fromage des Pyrénées au lait de vache;65;5.78;Fromagerie
Gouda;30;6.53;Fromagerie
Mimolette;6;2.95;Fromagerie
Morbier;11;0.16;Fromagerie
Port-Salut;77;7.48;Fromagerie
Raclette (fromage);3;8.26;Fromagerie
Saint-Nectaire;39;5.23;Fromagerie
Saint-Paulin;76;0.02;Fromagerie
Tomme;82;3.73;Fromagerie
Tomme de montagne ou Tomme de Savoie;30;5.95;Fromagerie
Brie;0;2.75;Fromagerie
Camembert au lait cru;7;8.07;Fromagerie
Camembert environ 20% MG;88;8.19;Fromagerie
Camembert et apparentés environ 26% MG;53;8.46;Fromagerie
Carré de l'Est;59;7.37;Fromagerie
Chabichou;25;5.27;Fromagerie
Chaource;19;7.99;Fromagerie
Chevrot;34;5.56;Fromagerie
Coulommiers;70;0.64;Fromagerie
Crottin de chavignol;98;8.35;Fromagerie
Crottin de chèvre;85;1.80;Fromagerie
Crottin de chèvre, au lait cru;30;5.91;Fromagerie
Fromage à pâte molle double crème;57;9.95;Fromagerie
Fromage à pâte molle triple crème;38;3.23;Fromagerie
Fromage de chèvre bûche, au lait pasteurisé ou cru;85;0.67;Fromagerie
Fromage de chèvre lactique affiné, au lait cru (type Crottin de Chavignol, Picodon, Rocamadour, Ste-Maure);62;5.16;Fromagerie
Fromage de chèvre lactique affiné, au lait pasteurisé (type bûchette ou crottin);16;9.55;Fromagerie
Fromage de chèvre lactique affiné, au lait pasteurisé ou cru (type Bûchette, Crottin, Picodon, Ste-Maure);46;3.39;Fromagerie
Fromage de chèvre type camembert (chèvre-boîte ou brique), au lait pasteurisé ou cru;38;6.16;Fromagerie
Fromage type camembert environ 10% MG;83;7.88;Fromagerie
Langres;94;4.06;Fromagerie
Livarot;72;9.50;Fromagerie
Maroilles;68;5.09;Fromagerie
Munster;43;7.77;Fromagerie
Neufchâtel;0;9.63;Fromagerie
Pélardon;65;2.35;Fromagerie
Picodon;58;9.97;Fromagerie
Pont l'Évêque;6;7.31;Fromagerie
Pouligny Saint-Pierre;44;7.71;Fromagerie
Reblochon;74;2.03;Fromagerie
Rocamadour;48;4.62;Fromagerie
Rouy;56;1.06;Fromagerie
Sainte-Maure;40;2.83;Fromagerie
Saint-Marcellin;2;4.05;Fromagerie
Vacherin Mont d'Or;42;5.82;Fromagerie
Valençay;72;1.42;Fromagerie
Fourme d'Ambert;75;4.43;Fromagerie
Fromage bleu au lait de vache;57;6.33;Fromagerie
Fromage bleu d'Auvergne;34;0.68;Fromagerie
Fromage bleu de Bresse;57;5.78;Fromagerie
Gorgonzola;83;9.52;Fromagerie
Roquefort;41;5.70;Fromagerie
Fromage blanc battu 0% MG aux fruits, allégé en sucre, édulcoré;11;5.44;Fromagerie
Fromage blanc battu 0% MG nature;38;3.80;Fromagerie
Fromage blanc battu au lait demi-écrémé nature;13;6.78;Fromagerie
Fromage blanc battu au lait entier nature;36;7.10;Fromagerie
Fromage blanc battu au lait partiellement écrémé nature;56;5.56;Fromagerie
Fromage blanc campagne 0% MG nature;40;2.33;Fromagerie
Fromage blanc campagne au lait entier nature;21;0.20;Fromagerie
Fromage frais type petit suisse au lait demi-écrémé nature;71;4.29;Fromagerie
Fromage frais type petit suisse au lait demi-écrémé, aromatisé (ex: vanille), sucré;82;1.81;Fromagerie
Fromage frais type petit suisse au lait partiellement écrémé, aux fruits, sucré;41;5.73;Fromagerie
Fromage frais type petit suisse maigre 0%, nature;43;7.12;Fromagerie
Fromage frais type petit suisse, au lait écrémé ou partiellement écrémé, aux fruits, sucré;78;2.33;Fromagerie
Petit-suisse à la crème, nature;29;0.78;Fromagerie
Petit-suisse au lait entier, nature;89;9.84;Fromagerie
Spécialité laitière de fromage blanc, avec crème, aux fruits, sucrée;85;6.81;Fromagerie
Spécialité laitière de fromage blanc, avec crème, nature;54;5.83;Fromagerie
Cancoillotte (spécialité fromagère fondue);2;1.76;Fromagerie
Fromage fondu en portions ou en cubes environ 15% MG;16;1.02;Fromagerie
Fromage fondu en portions ou en cubes environ 22% MG;82;2.30;Fromagerie
Snack pour enfants à base de fromage fondu et de gressins;73;4.26;Fromagerie
Spécialité fromagère fondante au fromage blanc et aux noix;90;7.35;Fromagerie
Feta de brebis;93;0.52;Fromagerie
Fromage de chèvre à tartiner, nature;64;3.46;Fromagerie
Fromage de chèvre frais, au lait cru (type palet ou crottin frais);73;3.70;Fromagerie
Fromage de chèvre frais, au lait pasteurisé (type bûchette fraîche);54;1.88;Fromagerie
Fromage de chèvre frais, au lait pasteurisé ou cru (type crottin frais ou bûchette fraîche);2;4.17;Fromagerie
Fromage type Feta, au lait de vache;28;9.36;Fromagerie
Mozzarella;29;0.80;Fromagerie
Ricotta;76;3.79;Fromagerie
Spécialité fromagère non affinée;27;1.65;Fromagerie
Spécialité fromagère non affinée à tartiner environ 13% MG;76;9.19;Fromagerie
Spécialité fromagère non affinée à tartiner environ 36% MG aromatisée;83;2.10;Fromagerie
Spécialité fromagère non affinée à tartiner environ 42% MG nature;19;8.78;Fromagerie
Spécialité fromagère non affinée allégée;53;3.42;Fromagerie
Spécialité fromagère non affinée double crème environ 31% MG;96;8.46;Fromagerie
Spécialité fromagère non affinée environ 23% MG;9;6.40;Fromagerie
Feuilleté ou Friand au fromage;18;9.60;Fromagerie
Feuilleté ou Friand béchamel jambon fromage;88;0.32;Fromagerie
Fondue savoyarde;53;4.86;Fromagerie
Fromage pané;23;7.96;Fromagerie
Fromage pané au jambon;57;1.79;Fromagerie
Gougère, faite maison;22;2.11;Fromagerie
Soufflé au fromage;27;7.46;Fromagerie
Tartiflette;45;6.95;Fromagerie
Abricot, frais;69;0.13;Fruits
Ananas, frais, pulpe;78;2.65;Fruits
Banane, fraîche, pulpe;44;1.83;Fruits
Carambole, frais, pulpe;92;9.86;Fruits
Cassis, frais;71;2.17;Fruits
Cerise, fraîche;23;6.93;Fruits
Citron vert ou Lime, frais, pulpe;45;0.23;Fruits
Citron, frais, pulpe;63;4.55;Fruits
Citron, zeste;40;4.98;Fruits
Clémentine ou Mandarine, fraîche, pulpe;81;0.65;Fruits
Coing, frais;57;2.36;Fruits
Coulis de fruits rouges (framboises, fraises, groseilles, cassis);89;1.73;Fruits
Figue de Barbarie, pulpe et graines;50;4.45;Fruits
Figue, fraîche;53;7.08;Fruits
Fraise, fraîche;68;6.71;Fruits
Framboise, fraîche;84;3.66;Fruits
Fruit de la passion, frais, pulpe et pépins;36;1.14;Fruits
Fruits rouges, frais (framboises, fraises, groseilles, cassis);7;7.70;Fruits
Grenade, fraîche, pulpe et pépins;28;8.74;Fruits
Groseille à maquereau, fraîche;29;0.33;Fruits
Groseille, fraîche;31;9.84;Fruits
Kaki, frais, pulpe;75;8.31;Fruits
Kiwi, frais, pulpe et graines;94;6.93;Fruits
Litchi, frais, pulpe;39;2.12;Fruits
Mangue, fraîche, pulpe;13;3.48;Fruits
Melon, frais, pulpe;77;6.48;Fruits
Mirabelle, fraîche;30;7.99;Fruits
Mûre (de ronce), fraîche;73;8.62;Fruits
Mûre noire (du mûrier), fraîche;68;4.89;Fruits
Myrtille, fraîche;77;9.90;Fruits
Nectarine, fraîche, pulpe et peau;43;9.08;Fruits
Nèfle du Japon, fraîche, pulpe;5;4.78;Fruits
Orange, fraîche, pulpe;33;9.13;Fruits
Papaye, fraîche, pulpe;65;8.13;Fruits
Pastèque, fraîche, pulpe;58;8.76;Fruits
Pêche, fraîche, pulpe;9;10.00;Fruits
Pêche, fraîche, pulpe et peau;21;5.08;Fruits
Poire, fraîche, pulpe et peau;41;4.36;Fruits
Pomélo (dit Pamplemousse), frais, pulpe;1;4.45;Fruits
Pomme, fraîche, pulpe et peau;96;1.38;Fruits
Prune Reine-Claude, fraîche;70;7.66;Fruits
Raisin blanc, frais;47;3.59;Fruits
Raisin noir, frais;3;7.25;Fruits
Salade de fruits frais;64;4.54;Fruits
Abricot, séché, dénoyauté;28;3.86;Fruits
Banane, mi-séchée;17;5.38;Fruits
Datte, séchée, pulpe et peau;77;6.28;Fruits
Figue, séchée;75;1.17;Fruits
Mélange apéritif de fruits exotiques séchés;26;3.90;Fruits
Pruneau;89;5.99;Fruits
Raisin sec;85;8.60;Fruits
Barre à la noix de coco, enrobée de chocolat;35;5.31;Gouter
Barre chocolatée aux fruits secs;6;3.53;Gouter
Barre chocolatée biscuitée;71;3.76;Gouter
Barre chocolatée non biscuitée enrobée;30;4.92;Gouter
Barre goûter frais au lait et cacao;99;2.28;Gouter
Cacahuètes enrobées de chocolat dragéifiées;43;9.51;Gouter
Chocolat au lait aux céréales croustillantes, tablette;80;4.76;Gouter
Chocolat au lait aux fruits secs (noisettes, amandes, raisins, praline), tablette;40;7.76;Gouter
Chocolat au lait, tablette;51;2.49;Gouter
Chocolat blanc, tablette;84;1.40;Gouter
Chocolat noir à 40% de cacao minimum, à pâtisser ou à croquer, tablette;67;6.43;Gouter
Chocolat noir à 70% cacao minimum, extra, dégustation, tablette;55;3.36;Gouter
Chocolat noir aux fruits secs (noisettes, amandes, raisins, praline), tablette;83;2.70;Gouter
Chocolat noir, à 70% cacao, extra, dégustation, sans sucres ajoutés, édulcoré, tablette;68;6.35;Gouter
Confiserie au chocolat dragéifiée;36;0.40;Gouter
Pâte à tartiner chocolat et noisette;75;4.09;Gouter
Artichaut, cru;90;8.31;Legumes
Artichaut, cuit;46;8.06;Legumes
Asperge, appertisée, égouttée;46;5.14;Legumes
Asperge, cuite;7;8.21;Legumes
Aubergine, cuite;57;3.92;Legumes
Avocat, frais, pulpe;20;0.40;Legumes
Bette, cuite;14;5.14;Legumes
Betterave rouge, cuite;98;1.68;Legumes
Brocoli, cuit;97;3.30;Legumes
Cardon, cru;84;1.76;Legumes
Carotte, appertisée, égouttée;78;6.59;Legumes
Carotte, crue;19;7.55;Legumes
Carotte, cuite;30;4.77;Legumes
Céleri branche, appertisé;37;0.16;Legumes
Céleri branche, cru;19;3.73;Legumes
Céleri branche, cuit;73;6.23;Legumes
Céleri-rave, cru;9;6.75;Legumes
Céleri-rave, cuit;39;8.95;Legumes
Champignon de Paris ou Champignon de couche, cru;81;7.84;Legumes
Champignon de Paris ou Champignon de couche, sauté;20;7.20;Legumes
Champignon de Paris, appertisé;10;7.64;Legumes
Champignon, tout type, appertisé, égoutté;59;1.76;Legumes
Champignon, tout type, cru;84;7.24;Legumes
Chicorée frisée, crue;61;4.76;Legumes
Chou blanc, cru;10;1.87;Legumes
Chou de Bruxelles, appertisé, égoutté;33;6.95;Legumes
Chou de Bruxelles, cuit;63;5.92;Legumes
Chou rouge, cru;57;3.43;Legumes
Chou rouge, cuit à l'eau;78;7.22;Legumes
Chou vert, cuit;4;0.31;Legumes
Chou-fleur, cru;11;6.37;Legumes
Chou-fleur, cuit;1;7.47;Legumes
Coeur de palmier, appertisé, égoutté;83;3.36;Legumes
Concombre, cru, pulpe;12;2.25;Legumes
Courgette, pulpe et peau, crue;2;2.88;Legumes
Courgette, pulpe et peau, cuite;13;3.24;Legumes
Cresson de fontaine, cru;60;5.76;Legumes
Échalote, crue;79;3.25;Legumes
Endive, crue;21;3.13;Legumes
Endive, cuite;71;4.40;Legumes
Épinard, cru;80;0.85;Legumes
Épinard, cuit;23;5.85;Legumes
Fenouil, cru;31;7.31;Legumes
Fenouil, cuit à l'eau;95;1.96;Legumes
Haricot beurre, appertisé, égoutté;85;4.48;Legumes
Haricot mungo germé ou Pousse de soja, appertisé, égoutté;6;4.26;Legumes
Haricot mungo germé ou Pousse de soja, frais;70;1.90;Legumes
Haricot vert, appertisé, égoutté;48;0.07;Legumes
Haricot vert, cuit;74;3.46;Legumes
Haricot vert, surgelé, cuit;20;1.17;Legumes
Laitue romaine, crue;14;8.38;Legumes
Laitue, crue;56;5.01;Legumes
Laitue, cuite;77;5.05;Legumes
Légumes, mélange surgelé;78;7.22;Legumes
Macédoine de légumes, appertisée, égouttée;76;0.00;Legumes
Mâche, crue;3;4.50;Legumes
Maïs doux, appertisé, égoutté;9;2.04;Legumes
Maïs doux, en épis, cuit;92;0.22;Legumes
Navet, cuit;85;7.67;Legumes
Navet, pelé, cru;40;0.13;Legumes
Oignon, cru;3;7.93;Legumes
Oignon, cuit;33;5.22;Legumes
Oseille, crue;10;7.56;Legumes
Oseille, cuite à l'eau;35;1.67;Legumes
Petit pois, appertisé, égoutté;23;6.59;Legumes
Petit pois, cuit;18;1.95;Legumes
Petits pois et carottes, appertisés, égouttés;5;0.88;Legumes
Pissenlit, cru;1;7.36;Legumes
Poireau, cru;18;5.88;Legumes
Poireau, cuit;22;9.46;Legumes
Poivron rouge, cru;54;4.81;Legumes
Poivron rouge, cuit;62;6.75;Legumes
Poivron vert, cru;98;6.50;Legumes
Poivron vert, cuit;93;6.07;Legumes
Poivron, vert, jaune ou rouge, cru;97;1.00;Legumes
Poivron, vert, jaune ou rouge, cuit;13;0.45;Legumes
Potiron, appertisé, égoutté;7;4.21;Legumes
Potiron, cuit;56;9.42;Legumes
Pourpier, cru, feuilles;35;3.27;Legumes
Radis noir, cru;43;8.02;Legumes
Radis rouge, cru;31;3.01;Legumes
Salade verte, sans assaisonnement;87;8.65;Legumes
Salsifis, appertisé, égoutté;34;7.68;Legumes
Salsifis, cuit;12;8.25;Legumes
Scarole, crue;0;9.23;Legumes
Tomate cerise crue;90;3.26;Legumes
Tomate entière, pelée, appertisée, égouttée;50;4.90;Legumes
Tomate, concentré;7;1.39;Legumes
Tomate, crue;13;9.28;Legumes
Tomate, pulpe, appertisée;44;8.98;Legumes
Tomate, purée;29;3.79;Legumes
Topinambour, cuit;91;3.79;Legumes
Fève, cuite;95;2.51;Legumes
Haricot blanc, appertisé, égoutté;77;3.30;Legumes
Haricot blanc, cuit;45;1.39;Legumes
Haricot flageolet, appertisé, égouttés;73;0.60;Legumes
Haricot rouge, cuit;4;2.24;Legumes
Lentille, cuisinée, appertisée, égouttée;45;5.94;Legumes
Lentille, cuite;50;2.90;Legumes
Pois cassé, cuit;2;5.43;Legumes
Pois chiche, cuit;77;0.04;Legumes
Tofu;50;3.33;Legumes
Beignet de légumes, fait maison;69;1.23;Legumes
Choucroute garnie;36;8.43;Legumes
Choucroute, sans jus;54;5.94;Legumes
Escalope végétale ou Steak à base de soja;30;0.93;Legumes
Gratin dauphinois;0;3.44;Legumes
Gratin de chou-fleur;17;7.72;Legumes
Gratin de légumes;15;9.70;Legumes
Ratatouille niçoise;10;0.40;Legumes
Terrine ou mousse de légumes;59;9.37;Legumes
Tomate à la provençale;17;1.68;Legumes
Baba au rhum;7;6.38;Patisseries
Baklava ou Baklawa (pâtisserie orientale aux amandes et sirop);28;3.59;Patisseries
Biscuit de Savoie;71;7.38;Patisseries
Brownie au chocolat;51;5.40;Patisseries
Bûche de Noël pâtissière;49;7.71;Patisseries
Cake aux fruits;92;6.60;Patisseries
Canelé;40;2.83;Patisseries
Charlotte aux fruits;60;0.88;Patisseries
Chou à la crème (chantilly ou pâtissière);32;8.13;Patisseries
Chou à la crème chantilly;16;8.71;Patisseries
Chou à la crème pâtissière;60;5.59;Patisseries
Corne de gazelle (pâtisserie orientale aux amandes et sirop);37;4.85;Patisseries
Crêpe au froment pré-emballée, nature;87;7.15;Patisseries
Crêpe au froment, fourrée à la confiture;56;8.24;Patisseries
Crêpe au froment, fourrée au chocolat ou à la pâte à tartiner chocolat et noisettes;5;6.64;Patisseries
Crêpe au froment, sucrée;16;1.91;Patisseries
Crêpe ou galette bretonne au sarrasin;24;6.52;Patisseries
Crumble aux pommes;48;2.84;Patisseries
Éclair;94;2.15;Patisseries
Far aux pruneaux;89;1.51;Patisseries
Flan pâtissier aux oeufs ou à la parisienne;73;6.79;Patisseries
Fraisier ou framboisier;76;0.24;Patisseries
Galette des rois feuilletée, fourrée frangipane;12;0.06;Patisseries
Gâteau au chocolat;93;3.29;Patisseries
Gâteau au fromage blanc;84;8.71;Patisseries
Gâteau au fromage frais ou Cheese-cake;40;8.00;Patisseries
Gâteau mi-cuit au chocolat ou Moelleux au chocolat;43;6.15;Patisseries
Gâteau moelleux fourré au chocolat multicouche;52;2.22;Patisseries
Gâteau moelleux fourré au chocolat ou aux pépites de chocolat ou au lait;18;0.43;Patisseries
Gâteau moelleux fourré aux fruits type mini-roulé ou mini-cake fourré;83;4.33;Patisseries
Gâteau mousse de fruits sur génoise, type miroir;61;0.55;Patisseries
Gaufre bruxelloise ou liégeoise, avec ou sans chocolat, préemballée;79;2.22;Patisseries
Macaron moelleux fourré à la confiture ou à la crème;10;9.62;Patisseries
Madeleine;10;7.43;Patisseries
Mille-feuille;44;1.64;Patisseries
Pain d'épices;36;6.62;Patisseries
Quatre-quarts ou barre pâtissière, préemballé;13;6.19;Patisseries
Rocher coco ou Congolais (petit gâteau à la noix de coco);1;4.02;Patisseries
Tarte à la crème;22;2.86;Patisseries
Tarte au citron;69;8.84;Patisseries
Tarte aux abricots;28;0.62;Patisseries
Tarte aux fraises;67;3.07;Patisseries
Tarte aux fruits rouges;82;5.08;Patisseries
Tarte ou tartelette aux fruits;1;6.32;Patisseries
Tarte ou tartelette aux pommes;78;6.74;Patisseries
Barre céréalière équilibre au chocolat, enrichie en vitamines et minéraux;12;2.99;Petit Dejeuner
Barre céréalière équilibre aux fruits, enrichie en vitamines et minéraux;96;8.61;Petit Dejeuner
Barre céréalière à base de céréales pour petit déjeuner et de lait, enrichie en vitamines et minéraux;85;6.47;Petit Dejeuner
Barre céréalière aux amandes ou noisettes;82;1.72;Petit Dejeuner
Barre céréalière aux fruits;29;0.25;Petit Dejeuner
Barre céréalière chocolatée;12;0.08;Petit Dejeuner
Barre céréalière diététique hypocalorique;94;8.79;Petit Dejeuner
Boules de maïs soufflées au miel, enrichies en vitamines et minéraux;43;9.74;Petit Dejeuner
Céréales pour petit déjeuner équilibre au chocolat, enrichies en vitamines et minéraux;56;9.05;Petit Dejeuner
Céréales pour petit déjeuner équilibre aux fruits, enrichies en vitamines et minéraux;39;3.62;Petit Dejeuner
Céréales pour petit déjeuner équilibre nature, enrichies en vitamines et minéraux;38;3.36;Petit Dejeuner
Céréales pour petit déjeuner chocolatées, non fourrées, enrichies en vitamines et minéraux;39;8.18;Petit Dejeuner
Céréales pour petit déjeuner fourrées au chocolat ou chocolat-noisettes, enrichies en vitamines et minéraux;70;2.40;Petit Dejeuner
Céréales pour petit déjeuner fourrées, fourrage autre que chocolat, enrichies en vitamines et minéraux;41;6.90;Petit Dejeuner
Céréales pour petit déjeuner riches en fibres, enrichies en vitamines et minéraux;47;9.13;Petit Dejeuner
Flocons d'avoine, cuits à l'eau;34;1.66;Petit Dejeuner
Grains de blé soufflés au miel ou caramel, enrichis en vitamines et minéraux;84;5.38;Petit Dejeuner
Grains de blé soufflés chocolatés, enrichis en vitamines et minéraux;73;4.22;Petit Dejeuner
Muesli croustillant au chocolat, enrichi en vitamines et minéraux;81;8.13;Petit Dejeuner
Muesli croustillant aux fruits ou fruits secs, enrichi en vitamines et minéraux;69;2.19;Petit Dejeuner
Muesli floconneux aux fruits ou fruits secs, enrichi en vitamines et minéraux;11;1.96;Petit Dejeuner
Muesli floconneux aux fruits ou fruits secs, sans sucre ajouté;69;5.85;Petit Dejeuner
Multi-céréales soufflées ou extrudées, enrichies en vitamines et minéraux;24;3.33;Petit Dejeuner
Pétales de blé avec noix, noisettes ou amandes, enrichis en vitamines et minéraux;12;3.96;Petit Dejeuner
Pétales de blé chocolatés, enrichis en vitamines et minéraux;51;0.34;Petit Dejeuner
Pétales de maïs glacés au sucre, enrichis en vitamines et minéraux;24;0.62;Petit Dejeuner
Pétales de maïs natures, enrichis en vitamines et minéraux;71;7.55;Petit Dejeuner
Riz soufflé au chocolat, enrichi en vitamines et minéraux;85;3.30;Petit Dejeuner
Riz soufflé nature, enrichi en vitamines et minéraux;57;3.66;Petit Dejeuner
Confiture allégée en sucre, tout type;93;3.99;Petit Dejeuner
Confiture d'abricot;81;9.04;Petit Dejeuner
Confiture de cerise;0;8.77;Petit Dejeuner
Confiture de fraise;72;2.62;Petit Dejeuner
Confiture de framboise;49;0.03;Petit Dejeuner
Confiture de myrtilles;22;8.63;Petit Dejeuner
Confiture ou Marmelade d'orange;28;6.88;Petit Dejeuner
Préparation de fruits;78;3.67;Petit Dejeuner
Bigorneau, cuit;74;6.40;Poissonerie
Bulot ou Buccin, cuit;66;9.52;Poissonerie
Calmar ou calamar ou encornet, cru;27;8.99;Poissonerie
Clam, Praire ou Palourde, cuit à l'eau;20;0.64;Poissonerie
Coquille Saint-Jacques, noix et corail, crue;29;8.48;Poissonerie
Coquille Saint-Jacques, noix et corail, cuite;25;8.22;Poissonerie
Crabe ou Tourteau, cuit à l'eau;52;4.18;Poissonerie
Crevette, cuite;44;4.78;Poissonerie
Écrevisse, crue;21;7.54;Poissonerie
Escargot, cru;82;2.84;Poissonerie
Homard, cuit à l'eau;89;4.41;Poissonerie
Huître creuse, crue;11;1.25;Poissonerie
Langouste, cuite à l'eau;41;7.58;Poissonerie
Moule, cuite à l'eau;31;5.08;Poissonerie
Poulpe, cru;43;2.22;Poissonerie
Seiche, crue;20;9.21;Poissonerie
Accra de morue;19;5.61;Poissonerie
Beignet de crevette;7;2.79;Poissonerie
Bouchée à la reine, au poisson et fruits de mer;26;5.61;Poissonerie
Brochette de crevettes;4;3.41;Poissonerie
Brochette de poisson;10;7.99;Poissonerie
Calmar ou Calamar ou encornet, à la romaine (beignet);89;6.27;Poissonerie
Calmars ou Calamars au riz;74;3.89;Poissonerie
Carpaccio de saumon;3;5.12;Poissonerie
Feuilleté au saumon;3;9.17;Poissonerie
Gratin de poisson et purée ou Brandade;66;5.98;Poissonerie
Poisson (colin d'Alaska) sauce oseille;99;0.44;Poissonerie
Poisson à la bordelaise;92;3.92;Poissonerie
Poisson à la provençale;62;9.68;Poissonerie
Quenelle de poisson, cuite;43;1.09;Poissonerie
Anchois commun, cru;4;5.62;Poissonerie
Anguille, cuite au four;34;9.28;Poissonerie
Anguille, pochée;16;1.59;Poissonerie
Bar commun ou Loup, cru;13;1.34;Poissonerie
Bar commun ou Loup, cuit au four;56;0.40;Poissonerie
Brochet, cuit au four;16;5.04;Poissonerie
Cabillaud, cuit à la vapeur;18;5.86;Poissonerie
Cabillaud, cuit au four;79;2.26;Poissonerie
Carpe, cuite au four;32;0.42;Poissonerie
Carrelet ou Plie, cuit à la vapeur;9;5.13;Poissonerie
Daurade grise, Dorade grise ou Griset, crue;57;1.74;Poissonerie
Églefin, à la vapeur;60;4.23;Poissonerie
Éperlan, cru;88;5.87;Poissonerie
Espadon, cuit au four;75;6.19;Poissonerie
Flétan (de l'Atlantique), cru;82;3.49;Poissonerie
Grenouille, cuisse, crue;45;9.28;Poissonerie
Hareng, frit;12;6.31;Poissonerie
Hareng, grillé;44;7.51;Poissonerie
Julienne ou Lingue, crue;61;7.20;Poissonerie
Lieu noir, congelé;93;5.95;Poissonerie
Lieu noir, cru;30;2.60;Poissonerie
Lieu noir, cuit;88;7.58;Poissonerie
Lieu ou colin d'Alaska, cru;40;1.28;Poissonerie
Limande, crue;69;4.59;Poissonerie
Limande-sole, à la vapeur;18;4.85;Poissonerie
Lotte ou Baudroie, grillée;23;7.60;Poissonerie
Maquereau, cuit au four;94;7.84;Poissonerie
Maquereau, frit;49;5.01;Poissonerie
Merlan, à la vapeur;56;0.61;Poissonerie
Merlan, cru;27;1.45;Poissonerie
Merlan, frit;97;4.80;Poissonerie
Merlu blanc du Cap, surgelé;11;1.88;Poissonerie
Merlu, cuit à l'étouffée;64;4.58;Poissonerie
Mulet, cuit au four;67;5.96;Poissonerie
Perche, cuite au four;10;1.60;Poissonerie
Poisson pané, frit;92;2.27;Poissonerie
Raie, cuite au court-bouillon;72;8.20;Poissonerie
Raie, cuite au four;27;4.91;Poissonerie
Rascasse, crue;49;5.93;Poissonerie
Rouget-barbet de roche, cuit à l'étouffée;25;4.40;Poissonerie
Roussette, cuite;25;2.04;Poissonerie
Sardine, grillée;18;8.65;Poissonerie
Saumon, cru, élevage;36;6.12;Poissonerie
Saumon, cuit à la vapeur;21;0.18;Poissonerie
Sole, cuite à la vapeur;99;3.73;Poissonerie
Sole, cuite au four;40;4.63;Poissonerie
Thon, cru;81;7.43;Poissonerie
Thon, cuit au four;24;3.72;Poissonerie
Tilapia du Nil, cru, élevage;52;4.22;Poissonerie
Truite arc en ciel, élevage, cuite à la vapeur;23;0.24;Poissonerie
Truite arc en ciel, élevage, cuite au four;59;6.43;Poissonerie
Truite, cuite à la vapeur;76;4.82;Poissonerie
Truite, cuite au four;79;6.24;Poissonerie
Turbot, cuit au four;93;9.70;Poissonerie
Crabe, appertisé;91;0.38;Poissonerie
Langoustine, panée, frite;14;3.78;Poissonerie
Anchois commun, mariné;87;9.92;Poissonerie
Anchois, filets à l'huile, semi-conserve, égoutté;78;0.04;Poissonerie
Caviar, semi-conserve;61;9.10;Poissonerie
Églefin, pané, frit;82;7.59;Poissonerie
Foie de morue, appertisé, égoutté;67;7.35;Poissonerie
Haddock (fumé) ou Églefin fumé;22;7.95;Poissonerie
Hareng fumé;35;4.02;Poissonerie
Hareng fumé, à l'huile;42;7.28;Poissonerie
Hareng mariné ou rollmops;4;0.74;Poissonerie
Limande-sole, panée, frite;22;9.60;Poissonerie
Maquereau fumé;71;8.72;Poissonerie
Maquereau, filet au vin blanc, appertisé, égoutté;71;3.73;Poissonerie
Maquereau, filet sauce moutarde, appertisé, égoutté;19;0.54;Poissonerie
Maquereau, filet sauce tomate, appertisé, égoutté;97;2.77;Poissonerie
Morue, salée, pochée;1;7.09;Poissonerie
Mousse de poisson;49;1.14;Poissonerie
Oeufs de lompe, semi-conserve;79;6.59;Poissonerie
Pâté à base de poisson ou de crustacés;11;4.86;Poissonerie
Pilchard, sauce tomate, appertisé, égoutté;0;7.93;Poissonerie
Poisson en sauce, surgelé;60;3.37;Poissonerie
Poisson, croquette, frit;8;1.54;Poissonerie
Rillettes de saumon;28;2.28;Poissonerie
Rillettes de thon;77;8.93;Poissonerie
Sardine, à l'huile d'olive, conserve, égouttée;68;2.08;Poissonerie
Sardine, à l'huile, appertisée, égouttée;49;8.96;Poissonerie
Sardine, filets sans arêtes à l'huile d'olive, appertisés, égouttés;28;4.79;Poissonerie
Sardine, sauce tomate, appertisée, égouttée;62;4.38;Poissonerie
Saumon fumé;47;4.12;Poissonerie
Surimi, bâtonnets;49;6.87;Poissonerie
Tarama préemballé;74;6.45;Poissonerie
Terrine de poisson;28;6.94;Poissonerie
Thon à l'huile, appertisé, égoutté;73;2.06;Poissonerie
Thon albacore, au naturel, appertisé, égoutté;92;4.01;Poissonerie
Thon germon ou thon blanc à l'huile de soja, appertisé, égoutté;7;6.18;Poissonerie
Thon germon ou Thon blanc, à l'huile d'olive, appertisé, égoutté;31;6.47;Poissonerie
Thon germon ou thon blanc, cuit vapeur sous pression;38;3.78;Poissonerie
Thon, au naturel, appertisé, égoutté;69;4.96;Poissonerie
Truite d'élevage, fumée;81;5.29;Poissonerie
Amande (avec peau);82;4.03;Produits Bio
Beurre de cacahuète ou Pâte d'arachide;41;5.91;Produits Bio
Cacahuète ou Arachide;90;0.33;Produits Bio
Cacahuète, grillée, salée;21;0.77;Produits Bio
Châtaigne ou Marron, appertisé;72;6.68;Produits Bio
Châtaigne, cuite à l'eau;32;2.18;Produits Bio
Châtaigne, grillée;17;9.40;Produits Bio
Crème de marrons vanillée, appertisée;9;3.03;Produits Bio
Farine de châtaigne;42;8.88;Produits Bio
Mélange apéritif de graines salées et raisins secs;89;7.18;Produits Bio
Noisette;76;0.20;Produits Bio
Noix de cajou, grillée, salée;25;6.61;Produits Bio
Noix de coco, amande mûre, fraîche;44;4.44;Produits Bio
Noix de coco, amande, sèche;36;9.54;Produits Bio
Noix de macadamia;13;1.06;Produits Bio
Noix de pécan;82;9.23;Produits Bio
Noix du Brésil;16;9.56;Produits Bio
Noix, séchée, cerneaux;67;5.34;Produits Bio
Pâte d'amande, pré-emballée;49;3.34;Produits Bio
Pignon de pin;77;7.42;Produits Bio
Pistache, grillée, salée;73;1.74;Produits Bio
Purée de marrons, appertisée;37;3.49;Produits Bio
Sésame, graine;99;3.55;Produits Bio
Tournesol, graine;75;7.13;Produits Bio
Ail frais;56;4.74;Produits Bio
Basilic, frais;19;4.62;Produits Bio
Cannelle;61;5.14;Produits Bio
Cerfeuil, frais;83;0.79;Produits Bio
Ciboule ou Ciboulette, fraîche;60;7.84;Produits Bio
Coriandre, graine;40;0.57;Produits Bio
Cumin, graine;69;9.89;Produits Bio
Curry, en poudre;15;8.22;Produits Bio
Fleur de sel, non iodée, non fluorée;51;1.46;Produits Bio
Gingembre, moulu;92;1.58;Produits Bio
Meloukhia, feuilles de corète séchées, en poudre;95;7.17;Produits Bio
Menthe, fraîche;88;0.52;Produits Bio
Persil frais;39;9.81;Produits Bio
Poivre noir, moulu;45;9.57;Produits Bio
Raifort, cru;29;4.36;Produits Bio
Sel blanc alimentaire, iodé, non fluoré (marin, ignigène ou gemme);90;0.31;Produits Bio
Sel blanc alimentaire, non iodé, non fluoré (marin, ignigène ou gemme);46;9.56;Produits Bio
Sel marin gris, non iodé, non fluoré;8;0.87;Produits Bio
Thym, sec;54;1.65;Produits Bio
Corps gras végétal pour friture, en pain;8;4.25;Produits Bio
Huile combinée (mélange d'huiles);16;8.64;Produits Bio
Huile combinée, mélange d'huile d'olive et de graines;2;8.40;Produits Bio
Huile d'arachide;53;2.03;Produits Bio
Huile d'argan(e);59;4.15;Produits Bio
Huile d'avocat;92;8.75;Produits Bio
Huile de colza;49;7.08;Produits Bio
Huile de maïs;54;6.48;Produits Bio
Huile de noisette;50;4.31;Produits Bio
Huile de noix;66;8.71;Produits Bio
Huile de paraffine;24;6.45;Produits Bio
Huile de pépins de raisin;53;2.86;Produits Bio
Huile de sésame;35;1.10;Produits Bio
Huile de soja;85;5.29;Produits Bio
Huile de tournesol;23;4.96;Produits Bio
Huile d'olive vierge;95;2.47;Produits Bio
Blanc d'oeuf, cuit;49;0.29;Produits Bio
Jaune d'oeuf, cru;7;7.57;Produits Bio
Jaune d'oeuf, cuit;91;3.56;Produits Bio
Oeuf à la coque;64;7.71;Produits Bio
Oeuf au plat, frit, salé;77;3.56;Produits Bio
Oeuf au plat, sans matière grasse;80;5.74;Produits Bio
Oeuf brouillé;54;5.17;Produits Bio
Oeuf dur;8;5.26;Produits Bio
Oeuf poché;61;8.36;Produits Bio
Oeuf, cru;84;2.66;Produits Bio
Omelette au fromage;41;1.70;Produits Bio
Omelette aux champignons;51;9.27;Produits Bio
Omelette aux fines herbes;35;2.73;Produits Bio
Omelette aux lardons;46;3.42;Produits Bio
Omelette nature, avec matière grasse et sel;34;7.24;Produits Bio
Patate douce, cuite;67;8.65;Produits Bio
Pomme de terre avec peau, cuite à la vapeur;91;3.62;Produits Bio
Pomme de terre dauphine, cuite;17;7.06;Produits Bio
Pomme de terre de conservation, cuite à l'eau, sans peau;93;5.93;Produits Bio
Pomme de terre frite ou Frite, cuite, non salée;85;3.35;Produits Bio
Pomme de terre frite ou Frite, surgelée, cuite, non salée;97;6.45;Produits Bio
Pomme de terre noisette, précuite, surgelée;0;1.96;Produits Bio
Pomme de terre primeur, cuite à l'eau, sans peau;2;4.95;Produits Bio
Pomme de terre, chips salées;49;1.33;Produits Bio
Pomme de terre, cuite à l'eau;92;0.22;Produits Bio
Pomme de terre, flocons déshydratés au lait;61;3.40;Produits Bio
Pomme de terre, purée à base de flocons, reconstituée avec lait demi-écrémé et eau, non salée;87;2.65;Produits Bio
Pomme de terre, purée, avec lait et beurre, non salée;55;1.99;Produits Bio
Pomme de terre, rissolée, surgelée;72;5.81;Produits Bio
Pomme de terre, sans peau, cuite au four;48;2.10;Produits Bio
Céleri rémoulade;39;1.79;Produits Bio
Champignon à la grecque;95;7.65;Produits Bio
Salade composée avec viande ou poisson, appertisée, égouttée;2;1.77;Produits Bio
Salade de pâtes aux légumes, avec thon ou viande;81;0.16;Produits Bio
Salade de pâtes, végétarienne;56;6.36;Produits Bio
Salade de pommes de terre maison;37;7.34;Produits Bio
Salade de riz;83;2.54;Produits Bio
Salade de thon et légumes, appertisée, égouttée;39;4.33;Produits Bio
Taboulé oriental ou Salade de couscous;32;1.76;Produits Bio
Beurre allégé, 60-62% MG;76;1.06;Produits Frais
Beurre allégé, 60-62% MG, demi-sel;42;7.97;Produits Frais
Beurre demi-sel;17;0.42;Produits Frais
Beurre doux;25;7.82;Produits Frais
Beurre léger, 39-41% MG;77;0.82;Produits Frais
Beurre léger, 39-41% MG, demi-sel;35;0.59;Produits Frais
Matière grasse laitière à 20% MG, légère, à tartiner;43;7.42;Produits Frais
Matière grasse laitière à 25% MG, légère, à tartiner;93;0.55;Produits Frais
Crème anglaise;16;6.37;Produits Frais
Crème brûlée;22;1.85;Produits Frais
Crème caramel;89;3.40;Produits Frais
Crème chantilly sous pression, UHT;80;8.01;Produits Frais
Crème dessert à la vanille, appertisée;62;3.37;Produits Frais
Crème dessert à la vanille, rayon frais;36;7.17;Produits Frais
Crème dessert allégée en matière grasse, rayon frais;20;7.54;Produits Frais
Crème dessert au chocolat, appertisée;61;2.59;Produits Frais
Crème dessert au chocolat, rayon frais;29;2.89;Produits Frais
Crème dessert aux oeufs ou crème renversée;87;7.00;Produits Frais
Crème pâtissière;5;7.39;Produits Frais
Ile flottante;95;2.65;Produits Frais
Lait de poule, sans alcool;14;1.74;Produits Frais
Lait gélifié aromatisé chocolat, rayon frais;56;3.59;Produits Frais
Lait gélifié aromatisé nappé de caramel, rayon frais;43;5.67;Produits Frais
Milk-shake, tout parfum;40;3.90;Produits Frais
Viennois ou liégeois, chocolat, café, caramel ou vanille, rayon frais;83;2.84;Produits Frais
Barre chocolatée glacée;82;4.44;Produits Frais
Clafoutis aux fruits;2;7.68;Produits Frais
Crème glacée;73;1.05;Produits Frais
Crème glacée au chocolat;6;9.20;Produits Frais
Dessert fermenté au soja, aux fruits, enrichi en vitamines et/ou minéraux, rayon frais;83;3.53;Produits Frais
Dessert fermenté au soja, nature, rayon frais;63;3.31;Produits Frais
Dessert soja aromatisé, rayon frais;69;7.67;Produits Frais
Gâteau de riz nappé de caramel, rayon frais;73;8.82;Produits Frais
Gâteau de semoule, appertisé;78;1.53;Produits Frais
Glace en cornet;89;0.02;Produits Frais
Glace sur bâtonnet, enrobée de chocolat;75;5.66;Produits Frais
Mousse à la crème de marrons;87;2.18;Produits Frais
Mousse au chocolat, rayon frais;35;3.32;Produits Frais
Mousse aux fruits;86;9.58;Produits Frais
Omelette norvégienne;79;2.02;Produits Frais
Pain perdu;72;6.50;Produits Frais
Pêche melba;34;0.86;Produits Frais
Poire belle Hélène;50;8.01;Produits Frais
Profiterole avec glace vanille et sauce chocolat;42;7.17;Produits Frais
Riz au lait, rayon frais;3;7.09;Produits Frais
Semoule au lait, rayon frais;46;7.28;Produits Frais
Sorbet;89;1.03;Produits Frais
Tiramisu;77;0.21;Produits Frais
Lait fermenté à boire au lait demi-écrémé et au L. casei et/ou au L. acidophilus, nature;60;3.68;Produits Frais
Lait fermenté à boire, au bifidus, arôme fruits;86;9.08;Produits Frais
Lait fermenté à boire, maigre, nature;63;8.31;Produits Frais
Lait fermenté au lait entier au bifidus, aromatisé, sucré;91;6.68;Produits Frais
Lait fermenté au lait entier au bifidus, aux fruits, sucré;76;5.77;Produits Frais
Lait fermenté au lait entier au bifidus, nature;97;3.09;Produits Frais
Spécialité laitière au lait entier, au bifidus, aux fruits, sucrée, source de fibres;5;5.00;Produits Frais
Spécialité laitière ou yaourt 0%, aromatisée, sucrée;80;8.48;Produits Frais
Spécialité laitière ou yaourt 0%, aux céréales ou muesli;45;8.67;Produits Frais
Spécialité laitière ou yaourt 0%, aux fruits, édulcoré;1;3.87;Produits Frais
Spécialité laitière ou yaourt 0%, aux fruits, sucrée;75;6.58;Produits Frais
Spécialité laitière ou yaourt 0%, nature;48;7.51;Produits Frais
Spécialité laitière ou yaourt au lait entier, avec crème, aromatisée, sucrée;12;3.79;Produits Frais
Spécialité laitière ou yaourt au lait entier, avec crème, nature;51;2.92;Produits Frais
Yaourt à boire, au lait demi-écrémé ou partiellement écrémé, aromatisé, sucré;30;6.30;Produits Frais
Yaourt à boire, au lait demi-écrémé ou partiellement écrémé, aux fruits, sucré;72;8.42;Produits Frais
Yaourt à boire, au lait demi-écrémé, aux édulcorants;59;0.45;Produits Frais
Yaourt au lait de chèvre partiellement écrémé, nature;90;1.81;Produits Frais
Yaourt au lait entier, aromatisé, sucré;15;9.77;Produits Frais
Yaourt au lait entier, aux fruits, sucré;14;8.29;Produits Frais
Yaourt au lait entier, avec crème, aux pépites ou copeaux de chocolat, sucré;25;1.48;Produits Frais
Yaourt au lait entier, nature;13;0.15;Produits Frais
Yaourt au lait entier, nature, brassé;42;7.30;Produits Frais
Yaourt au lait entier, nature, sucré;78;2.26;Produits Frais
Yaourt au lait partiellement écrémé, aromatisé, sucré;9;9.29;Produits Frais
Yaourt au lait partiellement écrémé, aux fruits, sucré;50;5.69;Produits Frais
Yaourt au lait partiellement écrémé, nature;10;5.60;Produits Frais
Yaourt au lait partiellement ou demi-écrémé, nature, sucré;7;1.66;Produits Frais
Yaourt ou lait fermenté au bifidus, au lait entier, aux céréales et/ou muesli;73;7.80;Produits Frais
Couscous, graine cuite;98;2.16;Produits Locaux
Gnocchi aux pommes de terre;67;3.59;Produits Locaux
Pâtes alimentaires au blé complet, crues;34;7.33;Produits Locaux
Pâtes alimentaires au blé complet, cuites;74;9.52;Produits Locaux
Pâtes alimentaires aux oeufs, cuites;85;4.99;Produits Locaux
Pâtes alimentaires aux oeufs, fraîches, cuites;82;6.32;Produits Locaux
Pâtes alimentaires cuites;27;2.46;Produits Locaux
Polenta ou semoule de maïs, cuite;21;9.52;Produits Locaux
Vermicelle de riz, cuite;4;5.59;Produits Locaux
Vermicelle de riz, sèche;42;4.23;Produits Locaux
Vermicelle de soja, cuite;39;6.34;Produits Locaux
Vermicelle de soja, sèche;8;4.99;Produits Locaux
Crêpe fourrée béchamel fromage;43;7.97;Produits Locaux
Crêpe fourrée béchamel jambon;8;3.75;Produits Locaux
Crêpe fourrée béchamel jambon fromage;96;9.55;Produits Locaux
Crêpe fourrée béchamel jambon fromage champignon;23;7.83;Produits Locaux
Flammenkueche ou Tarte flambée aux lardons;54;4.66;Produits Locaux
Pizza spéciale;91;7.57;Produits Locaux
Pizza 4 fromages;41;3.00;Produits Locaux
Pizza 4 saisons;75;8.76;Produits Locaux
Pizza fromage;62;9.45;Produits Locaux
Pizza jambon fromage;65;6.05;Produits Locaux
Pizza jambon fromage champignons ou Pizza royale;53;6.90;Produits Locaux
Quiche lorraine;11;1.89;Produits Locaux
Tarte au fromage;53;9.67;Produits Locaux
Tarte aux légumes;60;5.14;Produits Locaux
Tarte aux poireaux;44;8.03;Produits Locaux
Tarte provençale à la tomate;70;5.84;Produits Locaux
Tarte saumon et oseille;84;9.86;Produits Locaux
Tourte aux poireaux;88;2.80;Produits Locaux
Cannelloni à la viande;13;2.14;Produits Locaux
Couscous à la viande;48;9.79;Produits Locaux
Couscous au poulet;97;8.81;Produits Locaux
Couscous mouton;71;5.44;Produits Locaux
Couscous royal à la viande;95;6.24;Produits Locaux
Gratin de pâtes;37;1.25;Produits Locaux
Lasagnes à la bolognaise;28;5.98;Produits Locaux
Paella;15;3.64;Produits Locaux
Pâtes à la bolognaise (spaghetti, tagliatelles);15;4.39;Produits Locaux
Pâtes à la carbonara (spaghetti, tagliatelles)bi;54;2.52;Produits Locaux
Ravioli à la viande, sauce tomate;90;7.41;Produits Locaux
Ravioli frais au fromage, cuit;55;4.85;Produits Locaux
Riz cantonnais;90;3.35;Produits Locaux
Spaghetti, sauce tomate;10;4.68;Produits Locaux
